well,api,md_ft,sample_id,lithofacies,porosity (%),perm (mD),grain_den (g/cc),bulk_den (g/cc),sw (%),so (%),toc (wt%)
Mattson 12-32,49-021-20933-0000,6530.7,RCA-001,Calcareous shale,9.09,7.77e-05,2.603,2.450,53.4,38.9,3.94
Mattson 12-32,49-021-20933-0000,6535.8,RCA-002,Calcareous shale,10.08,1.63e-04,2.617,2.448,61.9,29.5,3.29
Mattson 12-32,49-021-20933-0000,6539.0,RCA-003,Calcareous shale,10.55,1.11e-04,2.595,2.419,58.4,31.8,4.28
Mattson 12-32,49-021-20933-0000,6544.8,RCA-004,Calcareous shale,8.40,8.96e-05,2.637,2.495,68.8,25.2,3.36
Mattson 12-32,49-021-20933-0000,6549.3,RCA-005,Marl,12.71,3.23e-04,2.610,2.393,51.6,42.6,3.94
Mattson 12-32,49-021-20933-0000,6554.3,RCA-006,Marl,9.04,3.75e-05,2.568,2.419,57.6,39.6,5.35
Mattson 12-32,49-021-20933-0000,6559.2,RCA-007,Marl,9.76,9.86e-05,2.603,2.439,58.6,33.9,4.26
Mattson 12-32,49-021-20933-0000,6565.8,RCA-008,Marl,11.54,7.50e-05,2.633,2.435,54.7,41.5,3.40
Mattson 12-32,49-021-20933-0000,6571.1,RCA-009,Marly chalk,7.71,6.87e-05,2.627,2.493,46.7,44.7,3.38
Mattson 12-32,49-021-20933-0000,6575.0,RCA-010,Marl,8.29,9.78e-05,2.633,2.490,52.1,38.0,2.96
Mattson 12-32,49-021-20933-0000,6578.9,RCA-011,Marly chalk,8.05,1.12e-04,2.627,2.488,49.9,47.4,3.19
Mattson 12-32,49-021-20933-0000,6585.4,RCA-012,Marly chalk,9.31,1.89e-04,2.627,2.464,41.3,55.3,3.32
Mattson 12-32,49-021-20933-0000,6591.0,RCA-013,Marl,7.34,4.02e-05,2.603,2.481,62.8,35.1,4.00
Mattson 12-32,49-021-20933-0000,6595.4,RCA-014,Marl,7.07,6.00e-05,2.594,2.477,62.3,34.4,4.65
Mattson 12-32,49-021-20933-0000,6599.8,RCA-015,Marl,8.95,1.06e-04,2.628,2.473,47.1,44.7,3.59
Mattson 12-32,49-021-20933-0000,6605.1,RCA-016,Marl,6.05,1.04e-04,2.584,2.485,66.3,31.2,4.83
Mattson 12-32,49-021-20933-0000,6610.5,RCA-017,Marl,8.77,1.00e-04,2.607,2.458,55.0,37.8,4.17
Mattson 12-32,49-021-20933-0000,6614.9,RCA-018,Marl,6.84,,2.608,2.494,64.5,31.6,3.90
Mattson 12-32,49-021-20933-0000,6620.3,RCA-019,Marl,9.55,1.06e-04,2.608,2.447,56.4,40.4,4.01
Mattson 12-32,49-021-20933-0000,6625.1,RCA-020,Marl,7.20,4.87e-05,2.607,2.486,56.9,33.9,4.31
Mattson 12-32,49-021-20933-0000,6630.0,RCA-021,Marl,7.29,1.43e-04,2.582,2.461,57.8,38.3,4.81
Mattson 12-32,49-021-20933-0000,6636.1,RCA-022,Marl,9.89,1.76e-04,2.626,2.458,56.8,34.5,3.53
Mattson 12-32,49-021-20933-0000,6640.4,RCA-023,Marl,10.78,1.01e-04,2.630,2.444,52.7,41.9,3.34
Mattson 12-32,49-021-20933-0000,6643.9,RCA-024,Marly chalk,12.59,2.51e-04,2.667,2.442,45.4,47.5,2.07
Mattson 12-32,49-021-20933-0000,6650.6,RCA-025,Marl,10.08,6.67e-04,2.626,2.450,45.0,44.9,3.31
Mattson 12-32,49-021-20933-0000,6654.4,RCA-026,Marly chalk,11.55,3.42e-04,2.630,2.429,47.4,48.7,2.87
Mattson 12-32,49-021-20933-0000,6659.5,RCA-027,Marl,11.76,2.76e-04,2.619,2.421,60.3,33.3,3.81
Mattson 12-32,49-021-20933-0000,6664.2,RCA-028,Marl,12.37,8.33e-05,2.603,2.394,53.2,39.8,4.24
Mattson 12-32,49-021-20933-0000,6669.2,RCA-029,Marl,11.78,5.01e-04,2.607,2.409,61.0,31.9,4.17
Mattson 12-32,49-021-20933-0000,6675.9,RCA-030,Marly chalk,10.13,1.38e-04,2.620,2.444,41.6,54.6,3.47
Mattson 12-32,49-021-20933-0000,6681.0,RCA-031,Chalk,11.60,2.87e-04,2.672,2.460,29.3,53.3,1.77
Mattson 12-32,49-021-20933-0000,6686.0,RCA-032,Marly chalk,12.06,1.64e-04,2.654,2.439,40.0,53.0,2.14
Mattson 12-32,49-021-20933-0000,6691.0,RCA-033,Marly chalk,12.46,1.87e-03,2.661,2.435,32.1,54.0,1.89
Mattson 12-32,49-021-20933-0000,6693.8,RCA-034,Marly chalk,9.40,2.36e-04,2.644,2.479,43.7,46.8,2.64
Mattson 12-32,49-021-20933-0000,6700.0,RCA-035,Marly chalk,9.57,2.38e-04,2.628,2.459,38.0,53.8,3.14
Mattson 12-32,49-021-20933-0000,6706.1,RCA-036,Marly chalk,5.90,6.83e-05,2.644,2.541,45.5,41.6,2.50
Mattson 12-32,49-021-20933-0000,6711.0,RCA-037,Marly chalk,5.35,2.68e-05,2.638,2.545,45.7,42.3,2.44
Mattson 12-32,49-021-20933-0000,6715.2,RCA-038,Marly chalk,6.49,2.18e-04,2.629,2.516,45.7,49.4,3.28
Mattson 12-32,49-021-20933-0000,6720.4,RCA-039,Marly chalk,7.47,3.18e-05,2.644,2.512,40.9,52.7,2.36
Mattson 12-32,49-021-20933-0000,6723.8,RCA-040,Marly chalk,7.45,1.47e-04,2.625,2.494,41.1,44.9,3.19
Mattson 12-32,49-021-20933-0000,6730.6,RCA-041,Marl,8.09,4.66e-05,2.601,2.462,41.5,44.8,3.72
Mattson 12-32,49-021-20933-0000,6734.2,RCA-042,Marly chalk,8.28,9.87e-05,2.631,2.486,45.7,43.9,3.03
Mattson 12-32,49-021-20933-0000,6740.1,RCA-043,Marly chalk,6.73,4.43e-05,2.628,2.511,49.4,40.6,3.14
Mattson 12-32,49-021-20933-0000,6744.8,RCA-044,Marl,3.78,1.50e-05,2.621,2.557,67.5,25.1,3.28
Mattson 12-32,49-021-20933-0000,6749.4,RCA-045,Marly chalk,8.58,1.95e-04,2.676,2.522,43.7,52.5,1.50
Mattson 12-32,49-021-20933-0000,6754.5,RCA-046,Marl,7.96,5.83e-05,2.633,2.494,46.8,43.9,3.09
Mattson 12-32,49-021-20933-0000,6759.2,RCA-047,Marly chalk,8.83,1.85e-04,2.648,2.488,28.7,66.4,2.55
Mattson 12-32,49-021-20933-0000,6764.3,RCA-048,Marly chalk,10.43,1.71e-04,2.627,2.444,42.8,50.6,3.34
Mattson 12-32,49-021-20933-0000,6768.8,RCA-049,Marly chalk,7.99,1.90e-04,2.666,2.523,42.3,44.5,2.10
Mattson 12-32,49-021-20933-0000,6773.9,RCA-050,Marly chalk,8.54,1.17e-04,2.645,2.498,59.2,34.2,2.60
Mattson 12-32,49-021-20933-0000,6781.1,RCA-051,Marl,6.40,4.32e-05,2.628,2.518,51.1,45.9,2.99
Mattson 12-32,49-021-20933-0000,6786.0,RCA-052,Marly chalk,8.79,7.74e-05,2.671,2.511,36.3,56.4,1.85
Mattson 12-32,49-021-20933-0000,6791.0,RCA-053,Marly chalk,9.66,1.95e-04,2.644,2.473,41.2,51.6,2.61
Mattson 12-32,49-021-20933-0000,6795.9,RCA-054,Chalk,10.73,1.95e-04,2.674,2.479,36.9,52.6,1.73
Mattson 12-32,49-021-20933-0000,6800.4,RCA-055,Marly chalk,9.66,7.17e-04,2.667,2.491,32.7,53.8,2.01
Mattson 12-32,49-021-20933-0000,6806.2,RCA-056,Marly chalk,10.86,1.37e-03,2.653,2.460,41.0,54.6,2.19
Mattson 12-32,49-021-20933-0000,6811.0,RCA-057,Chalk,9.12,2.07e-04,2.673,2.508,41.0,47.8,1.71
Mattson 12-32,49-021-20933-0000,6815.1,RCA-058,Marly chalk,12.38,3.84e-04,2.652,2.429,35.4,58.4,2.40
Mattson 12-32,49-021-20933-0000,6820.6,RCA-059,Marly chalk,9.96,2.94e-04,2.685,2.503,34.9,50.3,1.61
Mattson 12-32,49-021-20933-0000,6825.1,RCA-060,Marl,7.36,4.52e-05,2.611,2.483,39.1,46.3,3.83
Mattson 12-32,49-021-20933-0000,6829.4,RCA-061,Chalk,3.94,4.41e-05,2.665,2.594,40.8,48.2,1.86
Mattson 12-32,49-021-20933-0000,6835.0,RCA-062,Chalk,4.01,,2.692,2.619,44.2,45.9,0.94
Mattson 12-32,49-021-20933-0000,6841.1,RCA-063,Chalk,2.26,7.08e-05,2.666,2.626,43.3,48.8,1.38
Mattson 12-32,49-021-20933-0000,6844.7,RCA-064,Chalk,1.76,3.24e-05,2.676,2.644,35.7,58.0,1.33
Mattson 12-32,49-021-20933-0000,6850.9,RCA-065,Chalk,4.66,2.92e-05,2.685,2.600,37.6,53.7,1.16
Mattson 12-32,49-021-20933-0000,6855.3,RCA-066,Chalk,2.60,2.97e-05,2.671,2.624,36.7,51.4,1.55
Mattson 12-32,49-021-20933-0000,6861.1,RCA-067,Marly chalk,2.23,2.17e-05,2.665,2.626,46.2,46.1,1.76
Mattson 12-32,49-021-20933-0000,6865.1,RCA-068,Marly chalk,2.05,5.20e-05,2.647,2.611,41.8,50.8,2.40
Mattson 12-32,49-021-20933-0000,6869.4,RCA-069,Marly chalk,3.20,2.98e-05,2.642,2.587,58.5,35.1,2.61
Mattson 12-32,49-021-20933-0000,6875.4,RCA-070,Marly chalk,11.24,6.81e-04,2.634,2.437,43.9,52.8,2.85
Mattson 12-32,49-021-20933-0000,6880.0,RCA-071,Marly chalk,14.00,5.25e-04,2.667,2.411,29.6,54.2,1.90
Mattson 12-32,49-021-20933-0000,6886.1,RCA-072,Marly chalk,12.98,3.66e-04,2.667,2.435,43.2,52.6,1.73
Mattson 12-32,49-021-20933-0000,6890.2,RCA-073,Marly chalk,11.16,2.39e-04,2.655,2.455,38.3,54.5,2.18
Mattson 12-32,49-021-20933-0000,6894.8,RCA-074,Marly chalk,13.05,5.19e-04,2.655,2.420,35.6,57.1,2.54
Mattson 12-32,49-021-20933-0000,6900.2,RCA-075,Marly chalk,8.90,1.50e-04,2.668,2.507,35.2,51.2,1.97
Mattson 12-32,49-021-20933-0000,6906.2,RCA-076,Chalk,4.75,3.23e-05,2.672,2.585,35.1,48.9,1.37
Mattson 12-32,49-021-20933-0000,6910.5,RCA-077,Chalk,3.00,6.03e-05,2.666,2.613,45.7,42.2,1.68
Mattson 12-32,49-021-20933-0000,6914.0,RCA-078,Marly chalk,2.02,3.68e-05,2.626,2.592,52.5,39.6,3.00
Mattson 12-32,49-021-20933-0000,6920.4,RCA-079,Marly chalk,3.37,2.17e-05,2.646,2.588,53.1,44.1,2.37
Mattson 12-32,49-021-20933-0000,6923.8,RCA-080,Marly chalk,4.38,2.99e-05,2.651,2.575,53.4,40.6,2.67
Mattson 12-32,49-021-20933-0000,6929.8,RCA-081,Marly chalk,3.69,1.63e-04,2.647,2.581,39.6,51.6,2.31
Mattson 12-32,49-021-20933-0000,6935.2,RCA-082,Marly chalk,3.99,4.51e-05,2.657,2.586,42.2,53.0,2.40
Mattson 12-32,49-021-20933-0000,6941.1,RCA-083,Marly chalk,2.36,7.07e-05,2.634,2.593,46.7,50.6,3.05
Mattson 12-32,49-021-20933-0000,6945.6,RCA-084,Marly chalk,3.82,8.32e-05,2.647,2.582,59.5,31.9,2.73
Mattson 12-32,49-021-20933-0000,6949.9,RCA-085,Marly chalk,2.70,3.97e-05,2.630,2.583,53.4,35.3,3.04
Mattson 12-32,49-021-20933-0000,6954.7,RCA-086,Marly chalk,2.12,4.95e-05,2.661,2.624,54.0,34.7,2.06
Mattson 12-32,49-021-20933-0000,6960.6,RCA-087,Chalk,1.50,3.31e-05,2.678,2.651,40.6,47.8,1.50
Mattson 12-32,49-021-20933-0000,6964.9,RCA-088,Marly chalk,5.73,6.44e-05,2.666,2.563,38.8,52.4,2.29
Mattson 12-32,49-021-20933-0000,6970.2,RCA-089,Marly chalk,5.44,1.53e-04,2.647,2.553,53.2,36.2,2.56
Mattson 12-32,49-021-20933-0000,6973.9,RCA-090,Marly chalk,4.81,6.29e-05,2.657,2.571,43.6,49.1,2.27
Mattson 12-32,49-021-20933-0000,6979.1,RCA-091,Marly chalk,4.53,6.26e-05,2.647,2.567,48.3,45.4,2.51
Mattson 12-32,49-021-20933-0000,6984.7,RCA-092,Marly chalk,5.55,5.67e-05,2.684,2.582,36.9,50.7,1.74
Mattson 12-32,49-021-20933-0000,6989.9,RCA-093,Marly chalk,3.82,5.13e-05,2.634,2.567,42.8,47.4,2.88
Mattson 12-32,49-021-20933-0000,6996.1,RCA-094,Marly chalk,5.70,6.34e-05,2.647,2.548,50.4,47.0,3.03
Mattson 12-32,49-021-20933-0000,7000.3,RCA-095,Marly chalk,4.86,8.44e-05,2.635,2.550,44.7,51.9,2.91
Mattson 12-32,49-021-20933-0000,7005.4,RCA-096,Marl,5.88,1.02e-04,2.633,2.530,46.2,47.6,2.95
Mattson 12-32,49-021-20933-0000,7010.2,RCA-097,Marly chalk,8.51,3.93e-05,2.640,2.490,41.0,48.4,2.72
Mattson 12-32,49-021-20933-0000,7016.2,RCA-098,Marly chalk,7.76,4.98e-05,2.642,2.505,42.1,54.4,2.40
Mattson 12-32,49-021-20933-0000,7020.4,RCA-099,Marly chalk,7.41,4.04e-05,2.640,2.508,36.5,59.8,2.80
Mattson 12-32,49-021-20933-0000,7025.8,RCA-100,Marly chalk,8.33,8.43e-05,2.636,2.490,41.8,44.3,2.73
Mattson 12-32,49-021-20933-0000,7029.8,RCA-101,Marly chalk,8.13,2.30e-04,2.632,2.489,40.6,51.3,3.00
Mattson 12-32,49-021-20933-0000,7035.9,RCA-102,Marl,10.22,9.07e-05,2.583,2.415,62.6,33.0,5.04
Mattson 12-32,49-021-20933-0000,7040.4,RCA-103,Marly chalk,7.60,,2.658,2.523,42.7,53.5,2.22
Mattson 12-32,49-021-20933-0000,7046.0,RCA-104,Marly chalk,7.32,2.10e-04,2.644,2.515,43.0,49.4,2.54
Mattson 12-32,49-021-20933-0000,7050.5,RCA-105,Marly chalk,6.20,5.14e-05,2.642,2.535,53.3,41.7,2.78
Mattson 12-32,49-021-20933-0000,7055.1,RCA-106,Marly chalk,5.23,5.56e-05,2.647,2.555,47.1,43.8,2.29
Mattson 12-32,49-021-20933-0000,7059.0,RCA-107,Marly chalk,3.14,9.30e-05,2.636,2.581,48.3,43.4,2.84
Mattson 12-32,49-021-20933-0000,7064.7,RCA-108,Marly chalk,5.36,1.65e-04,2.655,2.562,55.4,37.1,2.64
Mattson 12-32,49-021-20933-0000,7071.0,RCA-109,Marl,5.74,4.75e-05,2.615,2.517,54.5,37.0,3.44
Mattson 12-32,49-021-20933-0000,7074.0,RCA-110,Marly chalk,7.68,1.27e-04,2.641,2.507,47.8,45.8,2.63
Mattson 12-32,49-021-20933-0000,7080.1,RCA-111,Marl,4.90,8.88e-05,2.625,2.540,48.6,41.7,3.41
Mattson 12-32,49-021-20933-0000,7084.2,RCA-112,Marl,7.87,5.27e-05,2.607,2.473,49.5,41.8,3.61
Mattson 12-32,49-021-20933-0000,7089.9,RCA-113,Marly chalk,6.90,1.29e-04,2.638,2.517,47.2,42.1,2.65
Mattson 12-32,49-021-20933-0000,7095.5,RCA-114,Marl,6.75,3.78e-05,2.618,2.504,58.9,32.4,3.65
Mattson 12-32,49-021-20933-0000,7101.1,RCA-115,Marly chalk,7.06,8.32e-05,2.633,2.511,49.4,39.5,2.82
Mattson 12-32,49-021-20933-0000,7104.4,RCA-116,Marly chalk,5.93,9.68e-05,2.626,2.523,45.7,44.6,3.01
Mattson 12-32,49-021-20933-0000,7108.9,RCA-117,Marl,5.69,2.36e-05,2.631,2.533,54.1,35.5,2.95
Mattson 12-32,49-021-20933-0000,7115.2,RCA-118,Marl,5.52,1.05e-04,2.628,2.533,53.0,38.1,3.36
Mattson 12-32,49-021-20933-0000,7119.5,RCA-119,Marly chalk,7.15,1.09e-04,2.640,2.514,45.6,51.5,2.69
Mattson 12-32,49-021-20933-0000,7124.5,RCA-120,Marly chalk,6.65,8.46e-05,2.634,2.518,46.2,44.9,2.94
Mattson 12-32,49-021-20933-0000,7129.5,RCA-121,Marly chalk,4.24,3.78e-05,2.612,2.540,51.7,44.7,3.62
Mattson 12-32,49-021-20933-0000,7135.3,RCA-122,Marly chalk,4.37,5.28e-05,2.620,2.546,56.4,38.9,3.47
Mattson 12-32,49-021-20933-0000,7139.3,RCA-123,Marly chalk,7.79,9.43e-05,2.631,2.494,41.6,47.7,3.09
Mattson 12-32,49-021-20933-0000,7143.8,RCA-124,Marly chalk,7.64,1.10e-04,2.664,2.528,45.6,45.1,2.26
Mattson 12-32,49-021-20933-0000,7149.0,RCA-125,Marly chalk,7.88,7.05e-05,2.659,2.519,42.6,52.8,2.46
Mattson 12-32,49-021-20933-0000,7154.7,RCA-126,Marly chalk,5.83,4.32e-05,2.635,2.534,51.3,37.2,2.95
Mattson 12-32,49-021-20933-0000,7160.5,RCA-127,Marly chalk,8.15,3.83e-04,2.657,2.512,40.7,53.5,2.58
Mattson 12-32,49-021-20933-0000,7166.2,RCA-128,Chalk,8.81,3.02e-04,2.677,2.517,36.9,47.7,1.36
Mattson 12-32,49-021-20933-0000,7169.1,RCA-129,Marly chalk,6.78,6.45e-05,2.639,2.518,37.2,54.9,2.90
Mattson 12-32,49-021-20933-0000,7173.9,RCA-130,Marly chalk,7.85,1.23e-04,2.665,2.527,50.3,37.5,1.99
Mattson 12-32,49-021-20933-0000,7179.3,RCA-131,Marl,6.36,5.47e-05,2.618,2.507,42.2,52.6,3.69
Mattson 12-32,49-021-20933-0000,7183.9,RCA-132,Marly chalk,6.24,5.44e-05,2.645,2.536,50.2,37.7,2.77
Mattson 12-32,49-021-20933-0000,7191.1,RCA-133,Marl,10.73,2.52e-04,2.647,2.458,46.2,40.6,2.77
Mattson 12-32,49-021-20933-0000,7194.0,RCA-134,Marly chalk,12.12,4.34e-04,2.636,2.420,32.5,52.1,2.78
Mattson 12-32,49-021-20933-0000,7200.8,RCA-135,Marly chalk,8.88,2.47e-04,2.646,2.488,38.2,58.3,2.82
Mattson 12-32,49-021-20933-0000,7204.2,RCA-136,Marly chalk,9.90,1.20e-04,2.649,2.474,42.3,54.4,2.49
Mattson 12-32,49-021-20933-0000,7208.9,RCA-137,Marly chalk,8.61,1.94e-04,2.642,2.489,37.2,59.0,2.61
Mattson 12-32,49-021-20933-0000,7216.2,RCA-138,Marl,13.46,2.39e-04,2.612,2.384,54.1,37.1,3.81
Mattson 12-32,49-021-20933-0000,7220.5,RCA-139,Marly chalk,11.38,1.52e-04,2.639,2.437,38.5,51.6,2.65
Mattson 12-32,49-021-20933-0000,7224.2,RCA-140,Marly chalk,11.62,6.30e-04,2.658,2.448,34.0,56.5,2.39
Mattson 12-32,49-021-20933-0000,7230.9,RCA-141,Marly chalk,11.09,1.67e-04,2.639,2.446,49.4,38.7,2.87
Mattson 12-32,49-021-20933-0000,7235.8,RCA-142,Marly chalk,10.11,1.17e-04,2.617,2.443,48.5,42.6,3.47
Mattson 12-32,49-021-20933-0000,7241.1,RCA-143,Marly chalk,10.95,1.77e-04,2.642,2.448,40.7,49.7,2.52
Mattson 12-32,49-021-20933-0000,7245.4,RCA-144,Marly chalk,8.72,9.28e-05,2.611,2.463,54.6,38.5,3.67
Mattson 12-32,49-021-20933-0000,7250.8,RCA-145,Marly chalk,12.14,3.28e-04,2.646,2.431,42.0,51.3,2.79
Mattson 12-32,49-021-20933-0000,7254.8,RCA-146,Marly chalk,11.71,1.64e-04,2.644,2.439,45.9,48.4,2.58
Mattson 12-32,49-021-20933-0000,7260.8,RCA-147,Marly chalk,9.04,2.18e-04,2.646,2.488,50.7,39.8,2.87
Mattson 12-32,49-021-20933-0000,7265.1,RCA-148,Marl,11.53,3.31e-04,2.616,2.418,50.6,42.1,3.73
Mattson 12-32,49-021-20933-0000,7270.7,RCA-149,Marl,11.20,1.38e-04,2.632,2.433,33.8,55.9,3.02
Mattson 12-32,49-021-20933-0000,7275.2,RCA-150,Marly chalk,10.73,4.07e-04,2.642,2.450,32.8,55.5,2.54
Mattson 12-32,49-021-20933-0000,7279.2,RCA-151,Shale,14.00,1.81e-04,2.693,2.448,62.2,29.8,1.49
Mattson 12-32,49-021-20933-0000,7285.3,RCA-152,Shale,8.93,5.84e-05,2.706,2.547,58.7,38.2,1.07
Mattson 12-32,49-021-20933-0000,7290.6,RCA-153,Shale,9.57,3.02e-04,2.718,2.548,63.6,33.1,0.68
Mattson 12-32,49-021-20933-0000,7293.9,RCA-154,Shale,10.37,2.17e-04,2.718,2.529,51.1,40.9,0.96
