well,md_ft,sample_id,lithofacies,quartz (wt%),k_feldspar (wt%),plagioclase (wt%),calcite (wt%),dolomite (wt%),pyrite (wt%),illite_smectite (wt%),illite_mica (wt%),kaolinite (wt%),chlorite (wt%),total_clay (wt%)
Mattson 12-32,6529.2,XRD-001,Calcareous shale,24.2,2.4,4.6,20.9,0.4,2.5,23.3,9.2,8.1,4.4,45.0
Mattson 12-32,6538.2,XRD-002,Calcareous shale,22.4,1.6,3.4,24.9,0.9,1.9,14.6,12.8,15.4,2.1,44.9
Mattson 12-32,6548.4,XRD-003,Calcareous shale,21.4,1.5,3.5,22.3,1.3,2.4,18.9,14.6,2.9,11.2,47.6
Mattson 12-32,6560.8,XRD-004,Marl,10.9,1.6,1.6,35.7,1.7,2.8,33.8,8.6,3.1,0.2,45.7
Mattson 12-32,6571.3,XRD-005,Marl,11.5,0.1,1.9,54.1,1.7,1.9,18.4,8.2,1.1,1.1,28.8
Mattson 12-32,6581.3,XRD-006,Marly chalk,11.0,0.6,1.7,66.4,0.8,1.7,11.8,5.2,0.4,0.4,17.8
Mattson 12-32,6591.6,XRD-007,Marl,8.8,0.8,1.7,42.2,1.2,2.6,28.2,9.7,1.9,2.9,42.7
Mattson 12-32,6601.8,XRD-008,Marl,8.6,1.3,2.3,41.5,0.6,3.1,21.6,7.6,0.2,13.2,42.6
Mattson 12-32,6610.5,XRD-009,Marl,12.4,0.9,0.8,39.9,1.1,2.7,24.0,15.0,2.2,1.0,42.2
Mattson 12-32,6620.6,XRD-010,Marl,13.4,0.8,1.4,36.1,2.7,2.4,33.3,3.5,6.1,0.3,43.2
Mattson 12-32,6631.2,XRD-011,Marl,8.4,0.7,3.3,36.3,0.0,2.6,26.6,13.0,3.1,6.0,48.7
Mattson 12-32,6641.9,XRD-012,Marly chalk,4.0,0.3,1.4,63.3,0.5,2.0,17.1,7.6,2.3,1.5,28.5
Mattson 12-32,6648.6,XRD-013,Marl,10.9,1.1,1.2,48.0,2.1,3.1,14.3,14.1,2.7,2.5,33.6
Mattson 12-32,6658.6,XRD-014,Marly chalk,6.6,0.7,0.6,59.8,0.4,1.9,19.0,7.7,2.6,0.7,30.0
Mattson 12-32,6668.3,XRD-015,Marl,11.9,1.1,1.7,44.4,0.8,1.5,13.7,19.9,4.8,0.2,38.6
Mattson 12-32,6678.4,XRD-016,Marly chalk,6.6,1.5,2.1,68.0,1.4,1.3,7.9,8.6,1.5,1.1,19.1
Mattson 12-32,6691.9,XRD-017,Chalk,7.0,0.5,2.1,74.8,1.4,1.2,5.1,4.5,3.4,0.0,13.0
Mattson 12-32,6701.7,XRD-018,Marly chalk,6.0,0.0,2.8,69.8,2.0,1.6,12.5,3.2,0.9,1.2,17.8
Mattson 12-32,6711.7,XRD-019,Marly chalk,8.0,0.7,2.2,66.6,1.8,1.3,8.4,9.8,0.3,0.9,19.4
Mattson 12-32,6721.0,XRD-020,Marly chalk,10.9,0.8,1.8,63.9,2.1,1.7,9.8,8.6,0.2,0.2,18.8
Mattson 12-32,6730.2,XRD-021,Marl,9.1,0.5,1.2,53.1,0.6,2.1,24.5,7.4,1.2,0.3,33.4
Mattson 12-32,6741.8,XRD-022,Marly chalk,4.3,0.9,2.0,64.6,1.5,0.7,17.0,6.9,1.4,0.7,26.0
Mattson 12-32,6748.4,XRD-023,Marly chalk,12.3,0.7,1.1,58.2,1.9,1.6,14.2,5.7,3.6,0.7,24.2
Mattson 12-32,6759.3,XRD-024,Marly chalk,10.5,0.8,1.7,61.0,1.4,2.7,9.4,7.2,4.2,1.1,21.9
Mattson 12-32,6768.8,XRD-025,Marly chalk,10.3,1.3,1.4,60.5,1.7,1.8,7.6,9.4,2.4,3.6,23.0
Mattson 12-32,6778.1,XRD-026,Marly chalk,9.9,0.8,2.7,58.3,1.2,2.2,12.6,5.2,1.4,5.7,24.9
Mattson 12-32,6789.8,XRD-027,Marly chalk,10.9,1.1,1.6,61.0,1.9,1.5,12.1,6.1,0.3,3.5,22.0
Mattson 12-32,6801.1,XRD-028,Chalk,7.6,1.2,2.5,71.2,2.5,2.1,8.1,2.1,0.9,1.8,12.9
Mattson 12-32,6808.7,XRD-029,Marly chalk,12.2,1.2,2.3,63.5,1.8,1.9,10.5,5.0,1.0,0.6,17.1
Mattson 12-32,6821.6,XRD-030,Marl,11.5,1.3,2.7,54.7,1.9,2.0,22.7,1.6,1.6,0.0,25.9
Mattson 12-32,6828.8,XRD-031,Marly chalk,11.3,0.9,1.9,65.1,1.0,1.5,9.3,4.0,2.0,3.0,18.3
Mattson 12-32,6841.0,XRD-032,Chalk,6.9,0.7,2.5,74.9,1.7,1.6,7.5,3.0,1.1,0.1,11.7
Mattson 12-32,6851.6,XRD-033,Marly chalk,10.3,0.5,2.6,69.8,1.7,1.6,7.0,5.4,0.9,0.2,13.5
Mattson 12-32,6859.9,XRD-034,Marly chalk,9.9,0.6,3.0,68.7,0.5,1.7,7.9,5.2,1.4,1.1,15.6
Mattson 12-32,6869.8,XRD-035,Marly chalk,8.7,0.9,1.0,59.3,0.5,1.8,10.1,9.6,3.4,4.7,27.8
Mattson 12-32,6878.4,XRD-036,Marly chalk,8.9,0.3,1.9,65.3,2.1,1.9,10.6,5.0,2.5,1.5,19.6
Mattson 12-32,6890.7,XRD-037,Marly chalk,8.8,1.0,2.0,69.3,1.2,1.7,7.8,4.4,1.7,2.1,16.0
Mattson 12-32,6899.3,XRD-038,Marly chalk,8.2,0.3,1.7,64.2,0.9,2.4,15.1,4.3,2.9,0.0,22.3
Mattson 12-32,6911.0,XRD-039,Marly chalk,10.9,0.9,1.4,65.9,1.8,1.5,11.8,4.3,0.1,1.4,17.6
Mattson 12-32,6920.8,XRD-040,Marly chalk,7.9,1.0,2.5,62.9,1.3,2.1,16.6,2.7,1.2,1.8,22.3
Mattson 12-32,6930.2,XRD-041,Marly chalk,11.8,1.3,2.0,59.9,1.4,2.0,8.5,11.4,0.6,1.1,21.6
Mattson 12-32,6940.4,XRD-042,Marly chalk,9.0,0.5,0.8,58.8,1.5,2.1,20.9,4.1,0.5,1.8,27.3
Mattson 12-32,6951.7,XRD-043,Marly chalk,12.2,0.4,2.2,63.8,1.5,1.3,10.2,7.0,0.7,0.7,18.6
Mattson 12-32,6958.4,XRD-044,Chalk,6.5,1.0,0.8,76.7,0.9,1.8,4.8,4.3,2.1,1.1,12.3
Mattson 12-32,6971.8,XRD-045,Marly chalk,8.0,0.3,2.2,63.8,1.6,2.0,13.6,6.6,0.6,1.3,22.1
Mattson 12-32,6981.9,XRD-046,Marly chalk,9.8,1.4,2.3,62.2,1.0,1.7,14.0,3.3,1.8,2.5,21.6
Mattson 12-32,6989.7,XRD-047,Marly chalk,11.3,1.4,1.9,62.2,1.0,1.8,13.1,3.1,2.5,1.7,20.4
Mattson 12-32,6998.7,XRD-048,Marly chalk,10.2,0.7,2.1,66.0,0.9,1.9,10.9,5.4,1.0,0.9,18.2
Mattson 12-32,7008.5,XRD-049,Marly chalk,9.1,0.5,2.6,62.8,0.0,1.6,10.1,6.6,5.2,1.5,23.4
Mattson 12-32,7020.1,XRD-050,Marly chalk,10.4,0.7,2.0,61.7,0.0,2.2,12.4,9.5,0.5,0.6,23.0
Mattson 12-32,7031.2,XRD-051,Marl,16.8,0.6,2.4,48.4,0.8,1.9,12.0,13.0,2.1,2.0,29.1
Mattson 12-32,7041.3,XRD-052,Marly chalk,11.2,0.6,2.4,68.2,1.0,1.3,8.0,5.6,0.9,0.8,15.3
Mattson 12-32,7050.6,XRD-053,Marly chalk,5.8,0.9,2.5,67.5,1.6,0.9,11.0,7.2,0.9,1.7,20.8
Mattson 12-32,7058.4,XRD-054,Marly chalk,11.6,0.5,2.2,62.3,1.0,1.7,11.3,7.3,1.6,0.5,20.7
Mattson 12-32,7071.7,XRD-055,Marly chalk,11.7,0.8,2.3,56.3,2.5,2.1,7.7,13.2,2.9,0.5,24.3
Mattson 12-32,7080.0,XRD-056,Marly chalk,5.0,1.5,2.3,61.8,2.4,1.8,19.4,5.5,0.2,0.1,25.2
Mattson 12-32,7089.4,XRD-057,Marly chalk,9.2,0.8,2.3,61.5,1.4,2.5,15.9,3.3,1.6,1.5,22.3
Mattson 12-32,7101.9,XRD-058,Marly chalk,10.2,0.8,2.4,58.9,1.2,2.4,12.9,4.2,4.3,2.7,24.1
Mattson 12-32,7111.0,XRD-059,Marly chalk,6.4,0.9,2.1,68.8,0.4,1.2,16.5,2.0,1.1,0.6,20.2
Mattson 12-32,7119.2,XRD-060,Marly chalk,11.8,0.5,1.7,58.9,1.1,1.8,16.7,4.5,0.9,2.1,24.2
Mattson 12-32,7128.6,XRD-061,Marly chalk,9.4,1.1,1.6,60.7,0.9,1.8,12.8,10.4,1.2,0.1,24.5
Mattson 12-32,7141.7,XRD-062,Marly chalk,10.5,1.1,2.5,57.4,0.0,2.1,11.3,8.8,3.4,2.9,26.4
Mattson 12-32,7151.0,XRD-063,Marl,9.9,1.3,1.6,54.7,0.7,2.3,14.5,11.1,2.0,1.9,29.5
Mattson 12-32,7159.6,XRD-064,Marly chalk,8.4,0.3,2.0,59.4,1.0,2.2,13.9,8.5,2.4,1.9,26.7
Mattson 12-32,7168.8,XRD-065,Chalk,10.0,0.5,2.4,79.1,0.8,2.2,2.8,1.9,0.2,0.1,5.0
Mattson 12-32,7179.4,XRD-066,Marly chalk,8.4,0.9,2.2,58.4,1.8,2.2,14.5,5.7,4.3,1.6,26.1
Mattson 12-32,7188.5,XRD-067,Marl,11.5,0.8,2.0,54.6,1.5,1.0,13.0,9.6,2.3,3.7,28.6
Mattson 12-32,7201.5,XRD-068,Marly chalk,10.9,0.8,2.0,58.9,1.1,2.3,15.2,5.2,2.0,1.6,24.0
Mattson 12-32,7209.2,XRD-069,Marly chalk,11.3,0.3,0.8,58.8,0.7,1.5,18.6,4.5,2.4,1.1,26.6
Mattson 12-32,7220.8,XRD-070,Marly chalk,12.7,0.7,2.1,61.5,1.2,1.8,12.9,3.1,1.6,2.4,20.0
Mattson 12-32,7230.3,XRD-071,Marly chalk,9.0,1.2,1.8,56.7,0.9,2.1,14.6,11.4,0.8,1.5,28.3
Mattson 12-32,7238.3,XRD-072,Marl,14.9,0.3,2.8,49.0,1.6,2.5,20.2,8.2,0.5,0.0,28.9
Mattson 12-32,7251.3,XRD-073,Marl,10.6,0.7,2.9,52.3,1.5,3.1,10.4,13.4,5.0,0.1,28.9
Mattson 12-32,7259.6,XRD-074,Marly chalk,7.6,0.8,2.3,63.8,0.8,1.7,14.3,5.8,1.3,1.6,23.0
Mattson 12-32,7270.4,XRD-075,Marly chalk,8.7,0.9,1.2,62.9,1.7,2.5,17.0,3.7,1.2,0.2,22.1
Mattson 12-32,7281.2,XRD-076,Shale,21.7,1.4,3.9,25.7,0.3,2.0,25.4,10.7,7.4,1.5,45.0
Mattson 12-32,7288.6,XRD-077,Shale,23.1,2.0,4.3,22.6,0.4,2.6,15.2,17.6,6.1,6.1,45.0
