api,md_ft,sample_id,lithofacies,plug_bulk_den (g/cc),vp (ft/s),vs (ft/s),ym_dyn (Mpsi),pr_dyn,ym_static (Mpsi),pr_static,ucs (psi)
4902120933,6542.2,GM-01,Calcareous shale,2.325,9706,5084,2.12,0.311,1.35,0.286,3876
4902120933,6564.2,GM-02,Marl,2.462,12208,6514,3.66,0.301,2.17,0.276,6328
4902120933,6583.2,GM-03,Marl,2.472,11645,6239,3.37,0.299,2.14,0.269,7355
4902120933,6607.5,GM-04,Marl,2.474,11276,6037,3.16,0.299,1.87,0.280,5635
4902120933,6622.4,GM-05,Marl,2.472,11348,6089,3.21,0.298,1.75,0.261,5341
4902120933,6644.6,GM-06,Marl,2.442,11739,6457,3.52,0.283,2.24,0.252,6680
4902120933,6664.6,GM-07,Marl,2.404,10538,5757,2.76,0.287,1.52,0.278,5071
4902120933,6682.8,GM-08,Marly chalk,2.456,11575,6333,3.42,0.286,2.12,0.267,7038
4902120933,6702.0,GM-09,Marly chalk,2.513,12839,7054,4.33,0.284,3.25,0.266,10682
4902120933,6723.5,GM-10,Marly chalk,2.507,12444,6990,4.19,0.270,3.17,0.248,10022
4902120933,6744.0,GM-11,Marl,2.556,12740,6957,4.29,0.288,2.60,0.271,7863
4902120933,6764.5,GM-12,Marly chalk,2.479,11634,6425,3.53,0.281,2.70,0.257,7840
4902120933,6785.4,GM-13,Marly chalk,2.489,12453,6857,4.04,0.282,2.54,0.251,7851
4902120933,6803.6,GM-14,Marly chalk,2.481,12204,7011,4.12,0.254,2.80,0.231,9281
4902120933,6824.7,GM-15,Marl,2.501,13365,7295,4.62,0.288,2.80,0.295,8746
4902120933,6846.2,GM-16,Chalk,2.645,15811,9139,7.44,0.249,5.71,0.218,16610
4902120933,6865.5,GM-17,Chalk,2.634,15260,8787,6.86,0.252,4.73,0.241,13309
4902120933,6884.7,GM-18,Marly chalk,2.432,11054,6174,3.18,0.273,2.18,0.235,6629
4902120933,6907.6,GM-19,Chalk,2.594,14162,8232,5.90,0.245,4.26,0.213,14838
4902120933,6925.2,GM-20,Marly chalk,2.603,14132,7984,5.66,0.266,3.46,0.219,10204
4902120933,6942.2,GM-21,Marly chalk,2.591,14147,7823,5.47,0.280,4.13,0.265,13648
4902120933,6968.0,GM-22,Marly chalk,2.570,13639,7538,5.04,0.280,3.08,0.262,9489
4902120933,6984.0,GM-23,Marly chalk,2.615,15053,8437,6.38,0.271,4.45,0.244,12738
4902120933,7003.5,GM-24,Marly chalk,2.557,13831,7653,5.16,0.279,3.03,0.251,10575
4902120933,7024.1,GM-25,Marly chalk,2.516,12683,7009,4.26,0.280,2.81,0.253,8824
4902120933,7044.9,GM-26,Marly chalk,2.505,12183,6826,4.00,0.271,2.64,0.267,6576
4902120933,7067.0,GM-27,Marly chalk,2.543,13242,7345,4.73,0.278,3.46,0.263,11768
4902120933,7085.5,GM-28,Marl,2.506,12685,6949,4.19,0.286,2.84,0.255,8221
4902120933,7103.5,GM-29,Marly chalk,2.512,12265,6810,4.01,0.277,2.47,0.266,9008
4902120933,7122.4,GM-30,Marl,2.542,13251,7367,4.74,0.276,3.00,0.252,8916
4902120933,7146.5,GM-31,Marly chalk,2.522,12548,6941,4.19,0.280,2.46,0.268,7187
4902120933,7165.7,GM-32,Chalk,2.530,13392,7582,4.95,0.264,3.39,0.242,11913
4902120933,7185.9,GM-33,Marly chalk,2.539,12993,7167,4.50,0.281,3.03,0.259,9867
4902120933,7205.8,GM-34,Marly chalk,2.477,11630,6419,3.52,0.281,2.32,0.262,6918
4902120933,7224.3,GM-35,Marly chalk,2.456,12088,6846,3.92,0.264,2.47,0.241,7170
4902120933,7246.2,GM-36,Marl,2.488,12461,6864,4.05,0.282,2.59,0.260,8273
4902120933,7264.5,GM-37,Marl,2.429,11190,6136,3.17,0.285,2.26,0.254,6762
4902120933,7283.2,GM-38,Shale,2.433,11326,6082,3.15,0.297,1.78,0.261,5165
