well,api,top,md_ft,source
Mattson 12-32,49-021-20933-0000,Sharon Springs,6475.0,Weller rule-based pick (interpretive)
Mattson 12-32,49-021-20933-0000,Niobrara,6548.5,Weller rule-based pick (interpretive)
Mattson 12-32,49-021-20933-0000,Lower Niobrara,6869.0,Weller rule-based pick (interpretive)
Mattson 12-32,49-021-20933-0000,Carlile,7277.0,Weller rule-based pick (interpretive)
Mattson 12-32,49-021-20933-0000,Greenhorn,7424.5,Weller rule-based pick (interpretive)
Mattson 12-32,49-021-20933-0000,D Sandstone,7545.5,Weller rule-based pick (interpretive)
Fornstrom 13-32A,49-021-21022,Sharon Springs,6489.0,Weller rule-based pick (interpretive)
Fornstrom 13-32A,49-021-21022,Niobrara,6561.5,Weller rule-based pick (interpretive)
Fornstrom 13-32A,49-021-21022,Lower Niobrara,6854.0,Weller rule-based pick (interpretive)
Fornstrom 13-32A,49-021-21022,Carlile,7263.0,Weller rule-based pick (interpretive)
Fornstrom 13-32A,49-021-21022,Greenhorn,7410.5,Weller rule-based pick (interpretive)
Fornstrom 13-32A,49-021-21022,D Sandstone,7526.0,Weller rule-based pick (interpretive)
Marquardt 43 31,049-021-21034,Sharon Springs,6494.5,Weller rule-based pick (interpretive)
Marquardt 43 31,049-021-21034,Niobrara,6567.0,Weller rule-based pick (interpretive)
Marquardt 43 31,049-021-21034,Lower Niobrara,6860.0,Weller rule-based pick (interpretive)
Marquardt 43 31,049-021-21034,Carlile,7269.5,Weller rule-based pick (interpretive)
Marquardt 43 31,049-021-21034,Greenhorn,7417.0,Weller rule-based pick (interpretive)
Marquardt 43 31,049-021-21034,D Sandstone,7530.0,Weller rule-based pick (interpretive)
McGahan Farms 42-31,49-021-21035,Sharon Springs,6482.5,Weller rule-based pick (interpretive)
McGahan Farms 42-31,49-021-21035,Niobrara,6549.0,Weller rule-based pick (interpretive)
McGahan Farms 42-31,49-021-21035,Lower Niobrara,6867.5,Weller rule-based pick (interpretive)
McGahan Farms 42-31,49-021-21035,Carlile,7274.5,Weller rule-based pick (interpretive)
McGahan Farms 42-31,49-021-21035,Greenhorn,7424.0,Weller rule-based pick (interpretive)
McGahan Farms 42-31,49-021-21035,D Sandstone,7544.5,Weller rule-based pick (interpretive)
Marquardt 44-31,049-021-21038,Sharon Springs,6483.0,Weller rule-based pick (interpretive)
Marquardt 44-31,049-021-21038,Niobrara,6544.5,Weller rule-based pick (interpretive)
Marquardt 44-31,049-021-21038,Lower Niobrara,6867.5,Weller rule-based pick (interpretive)
Marquardt 44-31,049-021-21038,Carlile,7272.5,Weller rule-based pick (interpretive)
Marquardt 44-31,049-021-21038,Greenhorn,7423.0,Weller rule-based pick (interpretive)
Marquardt 44-31,049-021-21038,D Sandstone,7533.0,Weller rule-based pick (interpretive)
McGahan Farms 32 31,49-021-21045,Sharon Springs,6476.0,Weller rule-based pick (interpretive)
McGahan Farms 32 31,49-021-21045,Niobrara,6545.5,Weller rule-based pick (interpretive)
McGahan Farms 32 31,49-021-21045,Lower Niobrara,6872.0,Weller rule-based pick (interpretive)
McGahan Farms 32 31,49-021-21045,Carlile,7275.5,Weller rule-based pick (interpretive)
McGahan Farms 32 31,49-021-21045,Greenhorn,7425.0,Weller rule-based pick (interpretive)
McGahan Farms 32 31,49-021-21045,D Sandstone,7547.5,Weller rule-based pick (interpretive)
Marquardt 34-31,49-021-21046-0000,Sharon Springs,6479.5,Weller rule-based pick (interpretive)
Marquardt 34-31,49-021-21046-0000,Niobrara,6549.5,Weller rule-based pick (interpretive)
Marquardt 34-31,49-021-21046-0000,Lower Niobrara,6870.5,Weller rule-based pick (interpretive)
Marquardt 34-31,49-021-21046-0000,Carlile,7273.0,Weller rule-based pick (interpretive)
Marquardt 34-31,49-021-21046-0000,Greenhorn,7421.5,Weller rule-based pick (interpretive)
Marquardt 34-31,49-021-21046-0000,D Sandstone,7533.5,Weller rule-based pick (interpretive)
Horsetail 02D-00204,,Sharon Springs,5487.0,Weller rule-based pick on GR vs TVD (interpretive; GR only)
Horsetail 02D-00204,,Niobrara,5576.0,Weller rule-based pick on GR vs TVD (interpretive; GR only)
